INSERT INTO genre (`id`,`name`,`status`) VALUES (1,'POP','available');
INSERT INTO genre (`id`,`name`,`status`) VALUES (2,'HIP HOP','available');
INSERT INTO genre (`id`,`name`,`status`) VALUES (3,'R&B','available');
INSERT INTO genre (`id`,`name`,`status`) VALUES (4,'Indie','available');
INSERT INTO genre (`id`,`name`,`status`) VALUES (5,'Classical','available');
INSERT INTO genre (`id`,`name`,`status`) VALUES (6,'REMIX','available');
INSERT INTO genre (`id`,`name`,`status`) VALUES (7,'PHONK','available');
INSERT INTO genre (`id`,`name`,`status`) VALUES (8,'ROCK','available');
INSERT INTO genre (`id`,`name`,`status`) VALUES (9,'Latin','available');
INSERT INTO genre (`id`,`name`,`status`) VALUES (10,'Dance','available');
INSERT INTO genre (`id`,`name`,`status`) VALUES (11,'Electronic','available');
INSERT INTO genre (`id`,`name`,`status`) VALUES (12,'Mood','available');
INSERT INTO genre (`id`,`name`,`status`) VALUES (13,'Workout','available');
INSERT INTO genre (`id`,`name`,`status`) VALUES (14,'Country','available');
INSERT INTO genre (`id`,`name`,`status`) VALUES (15,'Metal','available');
INSERT INTO genre (`id`,`name`,`status`) VALUES (16,'Folk & Acoustic','available');
INSERT INTO genre (`id`,`name`,`status`) VALUES (17,'Jazz','available');
INSERT INTO genre (`id`,`name`,`status`) VALUES (18,'Anime','available');
INSERT INTO genre (`id`,`name`,`status`) VALUES (19,'Funk','available');

INSERT INTO playlists (`id`,`name`,`user_id`,`type`,`status`) VALUES (1,'Kiss Land','The Weeknd','album','deleted');
INSERT INTO playlists (`id`,`name`,`user_id`,`type`,`status`) VALUES (2,'Beauty Behind the Madness','Michael Jackson','album','deleted');
INSERT INTO playlists (`id`,`name`,`user_id`,`type`,`status`) VALUES (3,'Starboy','The Weeknd','album','available');
INSERT INTO playlists (`id`,`name`,`user_id`,`type`,`status`) VALUES (4,'After Hours','The Weeknd','album','available');
INSERT INTO playlists (`id`,`name`,`user_id`,`type`,`status`) VALUES (5,'Dawn FM','The Weeknd','album','available');
INSERT INTO playlists (`id`,`name`,`user_id`,`type`,`status`) VALUES (6,'Live at SoFi Stadium','The Weeknd','album','available');
INSERT INTO playlists (`id`,`name`,`user_id`,`type`,`status`) VALUES (10,'Trilogy','The Weeknd','album','available');
INSERT INTO playlists (`id`,`name`,`user_id`,`type`,`status`) VALUES (11,'The Weeknd in Japan','The Weeknd','album','available');
INSERT INTO playlists (`id`,`name`,`user_id`,`type`,`status`) VALUES (12,'The Highlights','The Weeknd','album','available');
INSERT INTO playlists (`id`,`name`,`user_id`,`type`,`status`) VALUES (16,'private playlist 3','Rihanna','playlist','deleted');
INSERT INTO playlists (`id`,`name`,`user_id`,`type`,`status`) VALUES (17,'private playlist 4','Billie Eilish','playlist','deleted');
INSERT INTO playlists (`id`,`name`,`user_id`,`type`,`status`) VALUES (18,'private playlist 5','Ariana Grande','playlist','available');
INSERT INTO playlists (`id`,`name`,`user_id`,`type`,`status`) VALUES (19,'private playlist 6','Ariana Grande','playlist','available');
INSERT INTO playlists (`id`,`name`,`user_id`,`type`,`status`) VALUES (20,'private playlist 7 ','Michael Jackson','playlist','available');



INSERT INTO songs (`id`,`title`,`id_artist`,`genre_id`,`description`,`time_play`,`song_data`,`image`,`lyric`,`rating`,`status`) VALUES (8,'Anh là ngoại lệ của em','8',8,'Description of Song 8',250,'audioSongs/4.mp3','myimages/4.jpg','lyricsSongs/anhlangoaile.txt',4.4,'available');
INSERT INTO songs (`id`,`title`,`id_artist`,`genre_id`,`description`,`time_play`,`song_data`,`image`,`lyric`,`rating`,`status`) VALUES (9,'Cánh đồng yêu thương','9',9,'Description of Song 9',270,'audioSongs/3.mp3','myimages/3.jpg','lyricsSongs/canhdongyeuthuong.txt',3.7,'available');
INSERT INTO songs (`id`,`title`,`id_artist`,`genre_id`,`description`,`time_play`,`song_data`,`image`,`lyric`,`rating`,`status`) VALUES (11,'Mic-drop','btscon123',11,'Description of Song 11',200,'audioSongs/2.mp3','myimages/2.jpeg','lyric_url_11',3.5,'available');
INSERT INTO songs (`id`,`title`,`id_artist`,`genre_id`,`description`,`time_play`,`song_data`,`image`,`lyric`,`rating`,`status`) VALUES (12,'Taki taki','cardi123',12,'Description of Song 12',210,'audioSongs/1.mp3','myimages/1.jpeg','lyric_url_12',4.7,'available');
INSERT INTO songs (`id`,`title`,`id_artist`,`genre_id`,`description`,`time_play`,`song_data`,`image`,`lyric`,`rating`,`status`) VALUES (1,'Starboy','The Weeknd',1,'Hit single from the Starboy album',230,'starboy.mp3','starboy.jpg','I\'m tryna put you in the worst mood',4.6,'unavailable');
INSERT INTO songs (`id`,`title`,`id_artist`,`genre_id`,`description`,`time_play`,`song_data`,`image`,`lyric`,`rating`,`status`) VALUES (2,'Blinding Lights','The Weeknd',1,'Chart-topping single with retro vibe',200,'blinding_lights.mp3','blinding_lights.jpg','I\'m blinded by the lights',4.8,'available');
INSERT INTO songs (`id`,`title`,`id_artist`,`genre_id`,`description`,`time_play`,`song_data`,`image`,`lyric`,`rating`,`status`) VALUES (3,'Save Your Tears','The Weeknd',1,'Track from the After Hours album',215,'save_your_tears.mp3','save_your_tears.jpg','I saw you dancing in a crowded room',4.7,'available');
INSERT INTO songs (`id`,`title`,`id_artist`,`genre_id`,`description`,`time_play`,`song_data`,`image`,`lyric`,`rating`,`status`) VALUES (4,'The Hills','The Weeknd',1,'Breakout hit from Beauty Behind the Madness',220,'the_hills.mp3','the_hills.jpg','Your man on the road, he doing promo',4.9,'available');
INSERT INTO songs (`id`,`title`,`id_artist`,`genre_id`,`description`,`time_play`,`song_data`,`image`,`lyric`,`rating`,`status`) VALUES (5,'Can\'t Feel My Face','The Weeknd',1,'Upbeat single with disco influences',213,'cant_feel_my_face.mp3','cant_feel_my_face.jpg','And I know she\'ll be the death of me',4.5,'available');
INSERT INTO songs (`id`,`title`,`id_artist`,`genre_id`,`description`,`time_play`,`song_data`,`image`,`lyric`,`rating`,`status`) VALUES (6,'In Your Eyes','The Weeknd',1,'Synth-pop track from the After Hours album',220,'in_your_eyes.mp3','in_your_eyes.jpg','I just pretend that I\'m in the dark',4.7,'available');
INSERT INTO songs (`id`,`title`,`id_artist`,`genre_id`,`description`,`time_play`,`song_data`,`image`,`lyric`,`rating`,`status`) VALUES (7,'After Hours','The Weeknd',1,'Title track from the After Hours album',326,'after_hours.mp3','after_hours.jpg','Thought I almost died in my dream again',4.8,'available');
INSERT INTO songs (`id`,`title`,`id_artist`,`genre_id`,`description`,`time_play`,`song_data`,`image`,`lyric`,`rating`,`status`) VALUES (8,'Heartless','The Weeknd',1,'Lead single from the After Hours album',213,'heartless.mp3','heartless.jpg','Never need a bitch, I\'m what a bitch need',4.6,'available');
INSERT INTO songs (`id`,`title`,`id_artist`,`genre_id`,`description`,`time_play`,`song_data`,`image`,`lyric`,`rating`,`status`) VALUES (9,'Call Out My Name','The Weeknd',1,'Emotional ballad from the My Dear Melancholy EP',218,'call_out_my_name.mp3','call_out_my_name.jpg','We found each other',4.7,'available');
INSERT INTO songs (`id`,`title`,`id_artist`,`genre_id`,`description`,`time_play`,`song_data`,`image`,`lyric`,`rating`,`status`) VALUES (10,'Wicked Games','The Weeknd',1,'Signature track from the Trilogy album',312,'wicked_games.mp3','wicked_games.jpg','I left my girl back home',4.9,'available');
INSERT INTO songs (`id`,`title`,`id_artist`,`genre_id`,`description`,`time_play`,`song_data`,`image`,`lyric`,`rating`,`status`) VALUES (11,'Often','The Weeknd',1,'Single from the Beauty Behind the Madness album',239,'often.mp3','often.jpg','I usually love sleeping all alone',4.5,'available');
INSERT INTO songs (`id`,`title`,`id_artist`,`genre_id`,`description`,`time_play`,`song_data`,`image`,`lyric`,`rating`,`status`) VALUES (12,'Earned It','The Weeknd',1,'Oscar-nominated song from Fifty Shades of Grey',246,'earned_it.mp3','earned_it.jpg','You make it look like it\'s magic',4.7,'available');
INSERT INTO songs (`id`,`title`,`id_artist`,`genre_id`,`description`,`time_play`,`song_data`,`image`,`lyric`,`rating`,`status`) VALUES (13,'Take My Breath','The Weeknd',1,'Synthwave-influenced single',215,'take_my_breath.mp3','take_my_breath.jpg','I saw the fire in your eyes',4.8,'available');
INSERT INTO songs (`id`,`title`,`id_artist`,`genre_id`,`description`,`time_play`,`song_data`,`image`,`lyric`,`rating`,`status`) VALUES (14,'The Morning','The Weeknd',1,'Track from the House of Balloons mixtape',216,'the_morning.mp3','the_morning.jpg','From the morning to the evening',4.6,'available');
INSERT INTO songs (`id`,`title`,`id_artist`,`genre_id`,`description`,`time_play`,`song_data`,`image`,`lyric`,`rating`,`status`) VALUES (15,'Hardest to Love','The Weeknd',1,'Mid-tempo track from the After Hours album',243,'hardest_to_love.mp3','hardest_to_love.jpg','You try with me so many times, yeah',4.7,'available');
INSERT INTO songs (`id`,`title`,`id_artist`,`genre_id`,`description`,`time_play`,`song_data`,`image`,`lyric`,`rating`,`status`) VALUES (16,'False Alarm','The Weeknd',1,'Single from the Starboy album',233,'false_alarm.mp3','false_alarm.jpg','Bathroom stalls for the powder nose',4.5,'available');
INSERT INTO songs (`id`,`title`,`id_artist`,`genre_id`,`description`,`time_play`,`song_data`,`image`,`lyric`,`rating`,`status`) VALUES (17,'Alone Again','The Weeknd',1,'Opening track from the After Hours album',255,'alone_again.mp3','alone_again.jpg','Take off my disguise',4.7,'available');
INSERT INTO songs (`id`,`title`,`id_artist`,`genre_id`,`description`,`time_play`,`song_data`,`image`,`lyric`,`rating`,`status`) VALUES (18,'Die for You','The Weeknd',1,'Track from the Starboy album',269,'die_for_you.mp3','die_for_you.jpg','I\'m finding ways to articulate',4.8,'available');
INSERT INTO songs (`id`,`title`,`id_artist`,`genre_id`,`description`,`time_play`,`song_data`,`image`,`lyric`,`rating`,`status`) VALUES (19,'Save Your Tears (Remix)','The Weeknd',1,'Remixed version featuring Ariana Grande',215,'save_your_tears_remix.mp3','save_your_tears_remix.jpg','I saw you dancing in a crowded room',4.7,'available');
INSERT INTO songs (`id`,`title`,`id_artist`,`genre_id`,`description`,`time_play`,`song_data`,`image`,`lyric`,`rating`,`status`) VALUES (20,'The Party & the After Party','The Weeknd',1,'Track from the House of Balloons mixtape',367,'the_party_and_the_after_party.mp3','the_party_and_the_after_party.jpg','I understand, your body wants it',4.9,'available');

INSERT INTO users (`name`,`sex`,`description`,`username`,`email`,`password`,`role`,`status`) VALUES ('Acacia','female',NULL,'Acacia','Acacia@gmail.com','123','artist','pending');
INSERT INTO users (`name`,`sex`,`description`,`username`,`email`,`password`,`role`,`status`) VALUES ('Adele Laurie Blue Adkins','female',NULL,'Adele','Adele@gmail.com','123','artist','pending');
INSERT INTO users (`name`,`sex`,`description`,`username`,`email`,`password`,`role`,`status`) VALUES ('admin ','male',NULL,'admin','admin@gmail.com','123','manager','normal');
INSERT INTO users (`name`,`sex`,`description`,`username`,`email`,`password`,`role`,`status`) VALUES ('Alec Benjamin','male',NULL,'Alec Benjamin','Alec Benjamin@gmail.com','123','artist','pending');
INSERT INTO users (`name`,`sex`,`description`,`username`,`email`,`password`,`role`,`status`) VALUES ('Ariana Grande','female',NULL,'Ariana Grande','Ariana Grande@gmail.com','123','artist','pending');
INSERT INTO users (`name`,`sex`,`description`,`username`,`email`,`password`,`role`,`status`) VALUES ('Athelstan','male',NULL,'Athelstan','Athelstan@gmail.com','123','artist','pending');
INSERT INTO users (`name`,`sex`,`description`,`username`,`email`,`password`,`role`,`status`) VALUES ('Augustus','male',NULL,'Augustus','Augustus@gmail.com','123','artist','pending');
INSERT INTO users (`name`,`sex`,`description`,`username`,`email`,`password`,`role`,`status`) VALUES ('Baldwin','male',NULL,'Baldwin','Baldwin@gmail.com','123','artist','pending');
INSERT INTO users (`name`,`sex`,`description`,`username`,`email`,`password`,`role`,`status`) VALUES ('Benedict','male',NULL,'Benedict','Benedict@gmail.com','123','artist','pending');
INSERT INTO users (`name`,`sex`,`description`,`username`,`email`,`password`,`role`,`status`) VALUES ('Beyonce','female',NULL,'Beyonce','Beyonce@gmail.com','123','artist','pending');
INSERT INTO users (`name`,`sex`,`description`,`username`,`email`,`password`,`role`,`status`) VALUES ('Billie Eilish','female',NULL,'Billie Eilish','Billie Eilish@gmail.com','123','artist','pending');
INSERT INTO users (`name`,`sex`,`description`,`username`,`email`,`password`,`role`,`status`) VALUES ('Bruno Mars','male',NULL,'Bruno Mars','BrunoMars@gmail.com','123','artist','pending');
INSERT INTO users (`name`,`sex`,`description`,`username`,`email`,`password`,`role`,`status`) VALUES ('Caradoc','male',NULL,'Caradoc','Caradoc@gmail.com','123','artist','pending');
INSERT INTO users (`name`,`sex`,`description`,`username`,`email`,`password`,`role`,`status`) VALUES ('Chris Brown','male',NULL,'Chris Brown','ChrisBrown@gmail.com','123','artist','pending');
INSERT INTO users (`name`,`sex`,`description`,`username`,`email`,`password`,`role`,`status`) VALUES ('Christopher','male',NULL,'Christopher','Christopher@gmail.com','123','artist','pending');
INSERT INTO users (`name`,`sex`,`description`,`username`,`email`,`password`,`role`,`status`) VALUES ('Clover','female',NULL,'Clover','Clover@gmail.com','123','artist','pending');
INSERT INTO users (`name`,`sex`,`description`,`username`,`email`,`password`,`role`,`status`) VALUES ('Ed Sheeran','male',NULL,'Ed Sheeran','Ed Sheeran@gmail.com','123','artist','pending');
INSERT INTO users (`name`,`sex`,`description`,`username`,`email`,`password`,`role`,`status`) VALUES ('Edwina','female',NULL,'Edwina','Edwina@gmail.com','123','artist','pending');
INSERT INTO users (`name`,`sex`,`description`,`username`,`email`,`password`,`role`,`status`) VALUES ('Elvis Presley','male',NULL,'Elvis Presley','Elvis Presley@gmail.com','123','artist','pending');
INSERT INTO users (`name`,`sex`,`description`,`username`,`email`,`password`,`role`,`status`) VALUES ('Eminem','male',NULL,'Eminem','Eminem@gmail.com','123','artist','pending');
INSERT INTO users (`name`,`sex`,`description`,`username`,`email`,`password`,`role`,`status`) VALUES ('Esperanza','female',NULL,'Esperanza','Esperanza@gmail.com','123','artist','pending');
INSERT INTO users (`name`,`sex`,`description`,`username`,`email`,`password`,`role`,`status`) VALUES ('Evangeline','female',NULL,'Evangeline','Evangeline@gmail.com','123','listener','pending');
INSERT INTO users (`name`,`sex`,`description`,`username`,`email`,`password`,`role`,`status`) VALUES ('Frank Sinatra','male',NULL,'Frank Sinatra','Frank Sinatra@gmail.com','123','artist','pending');
INSERT INTO users (`name`,`sex`,`description`,`username`,`email`,`password`,`role`,`status`) VALUES ('Freddie Mercury','male',NULL,'Freddie Mercury','Freddie Mercury@gmail.com','123','artist','pending');
INSERT INTO users (`name`,`sex`,`description`,`username`,`email`,`password`,`role`,`status`) VALUES ('Gemma','female',NULL,'Gemma','Gemma@gmail.com','123','listener','pending');
INSERT INTO users (`name`,`sex`,`description`,`username`,`email`,`password`,`role`,`status`) VALUES ('Genevieve','female',NULL,'Genevieve','Genevieve@gmail.com','123','artist','pending');
INSERT INTO users (`name`,`sex`,`description`,`username`,`email`,`password`,`role`,`status`) VALUES ('Harry Styles','male',NULL,'Harry Styles','Harry Styles@gmail.com','123','artist','pending');
INSERT INTO users (`name`,`sex`,`description`,`username`,`email`,`password`,`role`,`status`) VALUES ('Harvey','male',NULL,'Harvey','Harvey@gmail.com','123','artist','normal');
INSERT INTO users (`name`,`sex`,`description`,`username`,`email`,`password`,`role`,`status`) VALUES ('Jennifer Lopez','female',NULL,'Jennifer Lopez','JenniferLopez@gmail.com','123','artist','pending');
INSERT INTO users (`name`,`sex`,`description`,`username`,`email`,`password`,`role`,`status`) VALUES ('Jerome','male',NULL,'Jerome','Jerome@gmail.com','123','artist','pending');
INSERT INTO users (`name`,`sex`,`description`,`username`,`email`,`password`,`role`,`status`) VALUES ('Justin Bieber','male',NULL,'Justin Bieber','Justin Bieber@gmail.com','123','artist','pending');
INSERT INTO users (`name`,`sex`,`description`,`username`,`email`,`password`,`role`,`status`) VALUES ('Khalid','male',NULL,'Khalid','Khalid@gmail.com','123','artist','pending');
INSERT INTO users (`name`,`sex`,`description`,`username`,`email`,`password`,`role`,`status`) VALUES ('Lady Gaga','female',NULL,'Lady Gaga','LadyGaga@gmail.com','123','artist','pending');
INSERT INTO users (`name`,`sex`,`description`,`username`,`email`,`password`,`role`,`status`) VALUES ('Madonna','female',NULL,'Madonna','Madonna@gmail.com','123','artist','normal');
INSERT INTO users (`name`,`sex`,`description`,`username`,`email`,`password`,`role`,`status`) VALUES ('Mariah Carey','female',NULL,'Mariah Carey','Mariah Carey@gmail.com','123','artist','block');
INSERT INTO users (`name`,`sex`,`description`,`username`,`email`,`password`,`role`,`status`) VALUES ('Michael Jackson','male',NULL,'Michael Jackson','Michael Jackson@gmail.com','123','artist','pending');
INSERT INTO users (`name`,`sex`,`description`,`username`,`email`,`password`,`role`,`status`) VALUES ('Mick Jagger','male',NULL,'Mick Jagger','Mick Jagger@gmail.com','123','artist','pending');
INSERT INTO users (`name`,`sex`,`description`,`username`,`email`,`password`,`role`,`status`) VALUES ('Nicki Minaj','female',NULL,'Nicki Minaj','Nicki Minaj@gmail.com','123','artist','normal');
INSERT INTO users (`name`,`sex`,`description`,`username`,`email`,`password`,`role`,`status`) VALUES ('Post Malone','male',NULL,'Post Malone','Post Malone@gmail.com','123','artist','pending');
INSERT INTO users (`name`,`sex`,`description`,`username`,`email`,`password`,`role`,`status`) VALUES ('Reginald','male',NULL,'Reginald','Reginald@gmail.com','123','artist','pending');
INSERT INTO users (`name`,`sex`,`description`,`username`,`email`,`password`,`role`,`status`) VALUES ('Rihanna','female',NULL,'Rihanna','Rihanna@gmail.com','123','artist','block');
INSERT INTO users (`name`,`sex`,`description`,`username`,`email`,`password`,`role`,`status`) VALUES ('Shanley','male',NULL,'Shanley','Shanley@gmail.com','123','artist','block');
INSERT INTO users (`name`,`sex`,`description`,`username`,`email`,`password`,`role`,`status`) VALUES ('Taylor Swift','female',NULL,'Taylor Swift','Taylor Swift@gmail.com','123','artist','pending');
INSERT INTO users (`name`,`sex`,`description`,`username`,`email`,`password`,`role`,`status`) VALUES ('The Weeknd','male',NULL,'The Weeknd','TheWeeknd@gmail.com','123','artist','pending');
INSERT INTO users (`name`,`sex`,`description`,`username`,`email`,`password`,`role`,`status`) VALUES ('Troye Sivan','male',NULL,'Troye Sivan','Troye Sivan@gmail.com','123','artist','pending');
INSERT INTO users (`name`,`sex`,`description`,`username`,`email`,`password`,`role`,`status`) VALUES ('Whitney Houston','female',NULL,'Whitney Houston','Whitney Houston@gmail.com','123','artist','block');